{
    "0": {
        "prob": 0.0,
        "cant_dias": 0.0,
        "prob_int": [
            0.0,
            0.0,
            0.0
        ]
    },
    "1": {
        "prob": 0.0,
        "cant_dias": 0.0,
        "prob_int": [
            0.0,
            0.0,
            0.0
        ]
    },
    "2": {
        "prob": 0.0,
        "cant_dias": 0.0,
        "prob_int": [
            0.0,
            0.0,
            0.0
        ]
    },
    "3": {
        "prob": 0.0,
        "cant_dias": 0.0,
        "prob_int": [
            0.0,
            0.0,
            0.0
        ]
    },
    "4": {
        "prob": 0.0,
        "cant_dias": 0.0,
        "prob_int": [
            0.0,
            0.0,
            0.0
        ]
    },
    "5": {
        "prob": 0.1,
        "cant_dias": 0.2,
        "prob_int": [
            0.99,
            0.9499999999999998,
            0.9999999999999999
        ]
    },
    "6": {
        "prob": 0.4,
        "cant_dias": 0.4,
        "prob_int": [
            0.99,
            0.9499999999999998,
            0.9999999999999999
        ]
    },
    "7": {
        "prob": 0.1,
        "cant_dias": 0.2,
        "prob_int": [
            0.99,
            0.9499999999999998,
            0.9999999999999999
        ]
    },
    "8": {
        "prob": 0.0,
        "cant_dias": 0.0,
        "prob_int": [
            0.0,
            0.0,
            0.0
        ]
    },
    "9": {
        "prob": 0.0,
        "cant_dias": 0.0,
        "prob_int": [
            0.0,
            0.0,
            0.0
        ]
    },
    "10": {
        "prob": 0.0,
        "cant_dias": 0.0,
        "prob_int": [
            0.0,
            0.0,
            0.0
        ]
    },
    "11": {
        "prob": 0.0,
        "cant_dias": 0.0,
        "prob_int": [
            0.0,
            0.0,
            0.0
        ]
    }
}